price,H_tot,pool_hash,total_hash,pct_active,pct_pool
152918.08895921547,990000000.0,200000000.0,41091.0,0.45,0.43
82805.0268063261,990000000.0,200000000.0,17367.0,0.22,0.22
260474.23047744497,990000000.0,200000000.0,49664.0,0.54,0.51
75974.80736765098,990000000.0,200000000.0,29795.0,0.35,0.34
131086.86521851085,990000000.0,200000000.0,35886.0,0.37,0.36
194790.4006049295,990000000.0,200000000.0,46647.0,0.49,0.48
58521.661703531834,990000000.0,200000000.0,19438.0,0.19,0.19
195095.87721685861,990000000.0,200000000.0,54647.0,0.55,0.55
52815.84859138267,990000000.0,200000000.0,23373.0,0.24,0.24
115353.2759962465,990000000.0,200000000.0,28550.0,0.34,0.34
68421.12171958,990000000.0,200000000.0,31762.0,0.27,0.26
73937.0638583628,990000000.0,200000000.0,30151.0,0.3,0.3
80834.24121463583,990000000.0,200000000.0,23977.0,0.23,0.22
63145.53188913073,990000000.0,200000000.0,14236.0,0.21,0.2
47943.980884624456,990000000.0,200000000.0,16453.0,0.15,0.15
66745.20885777829,990000000.0,200000000.0,27076.0,0.24,0.24
130396.95198348041,990000000.0,200000000.0,37908.0,0.39,0.39
61127.96694754621,990000000.0,200000000.0,17728.0,0.2,0.2
188948.31345309204,990000000.0,200000000.0,48845.0,0.44,0.44
89778.93783068955,990000000.0,200000000.0,30515.0,0.3,0.3
64475.84936039627,990000000.0,200000000.0,17663.0,0.19,0.18
117957.21215366098,990000000.0,200000000.0,22493.0,0.31,0.3
122359.26620254303,990000000.0,200000000.0,56657.0,0.5,0.5
117512.88684185104,990000000.0,200000000.0,22693.0,0.3,0.3
140171.27025641815,990000000.0,200000000.0,34207.0,0.34,0.33
235149.14064165426,990000000.0,200000000.0,45891.0,0.47,0.47
171407.82572815305,990000000.0,200000000.0,45187.0,0.45,0.44
91021.75168661415,990000000.0,200000000.0,20521.0,0.2,0.18
81126.27257480328,990000000.0,200000000.0,28208.0,0.29,0.29
79726.0490249819,990000000.0,200000000.0,17805.0,0.21,0.21
300693.22211009095,990000000.0,200000000.0,67520.0,0.72,0.68
107181.65001869382,990000000.0,200000000.0,29461.0,0.31,0.31
176843.7474484023,990000000.0,200000000.0,38531.0,0.45,0.45
37179.50123840636,990000000.0,200000000.0,15192.0,0.13,0.13
117253.68759986715,990000000.0,200000000.0,40871.0,0.38,0.37
52813.276969974955,990000000.0,200000000.0,16050.0,0.16,0.16
51167.51714487163,990000000.0,200000000.0,22123.0,0.22,0.21
296789.47498866956,990000000.0,200000000.0,57466.0,0.62,0.58
99018.76238538332,990000000.0,200000000.0,32781.0,0.27,0.26
55391.59974144932,990000000.0,200000000.0,22379.0,0.21,0.21
172083.7855760487,990000000.0,200000000.0,44546.0,0.46,0.46
100577.10965521753,990000000.0,200000000.0,43791.0,0.35,0.35
78085.35388668021,990000000.0,200000000.0,29715.0,0.28,0.26
125076.55477222562,990000000.0,200000000.0,28309.0,0.36,0.36
98276.19401786724,990000000.0,200000000.0,30796.0,0.33,0.32
126155.88822177825,990000000.0,200000000.0,37601.0,0.4,0.4
182963.6682920873,990000000.0,200000000.0,39836.0,0.46,0.46
87544.95049892073,990000000.0,200000000.0,21165.0,0.22,0.22
143993.92539736073,990000000.0,200000000.0,42058.0,0.46,0.44
129371.47363412843,990000000.0,200000000.0,42126.0,0.37,0.35
155762.16185566824,990000000.0,200000000.0,42367.0,0.44,0.41
123140.534682758,990000000.0,200000000.0,39802.0,0.43,0.43
137748.04670130883,990000000.0,200000000.0,38005.0,0.48,0.48
78588.74424265056,990000000.0,200000000.0,22489.0,0.23,0.23
82159.57613284371,990000000.0,200000000.0,23973.0,0.29,0.28
117683.48959556379,990000000.0,200000000.0,32593.0,0.38,0.36
180791.53462244372,990000000.0,200000000.0,44453.0,0.44,0.44
110083.79085363835,990000000.0,200000000.0,40814.0,0.42,0.4
187864.70963050472,990000000.0,200000000.0,44149.0,0.5,0.5
156640.17823292268,990000000.0,200000000.0,46360.0,0.45,0.44
65053.048932456564,990000000.0,200000000.0,20404.0,0.17,0.17
53052.63371087568,990000000.0,200000000.0,20847.0,0.18,0.18
90607.31124447235,990000000.0,200000000.0,35609.0,0.34,0.34
115045.08270072864,990000000.0,200000000.0,27486.0,0.29,0.27
116590.01459547672,990000000.0,200000000.0,40992.0,0.36,0.35
77103.74273257458,990000000.0,200000000.0,28199.0,0.26,0.23
117272.94594574207,990000000.0,200000000.0,40201.0,0.4,0.39
105718.69709289809,990000000.0,200000000.0,37982.0,0.43,0.43
206097.03518995605,990000000.0,200000000.0,54705.0,0.55,0.53
84902.98148646885,990000000.0,200000000.0,30006.0,0.27,0.27
91844.58241454688,990000000.0,200000000.0,32148.0,0.38,0.37
145142.15352449915,990000000.0,200000000.0,43944.0,0.4,0.39
139312.9370435279,990000000.0,200000000.0,38463.0,0.42,0.4
101259.3170142217,990000000.0,200000000.0,36293.0,0.37,0.37
169788.18023445373,990000000.0,200000000.0,33586.0,0.41,0.38
81232.9199087552,990000000.0,200000000.0,21868.0,0.24,0.24
161397.07542081803,990000000.0,200000000.0,47928.0,0.48,0.46
104291.25032235958,990000000.0,200000000.0,44148.0,0.49,0.48
117957.55607426225,990000000.0,200000000.0,34094.0,0.39,0.38
114562.02420038018,990000000.0,200000000.0,32965.0,0.34,0.33
87083.4290287682,990000000.0,200000000.0,18004.0,0.19,0.19
126779.40272469679,990000000.0,200000000.0,32299.0,0.37,0.36
73767.6771872798,990000000.0,200000000.0,24223.0,0.25,0.25
240998.23461519388,990000000.0,200000000.0,45804.0,0.52,0.51
145968.42128509065,990000000.0,200000000.0,41436.0,0.45,0.43
183344.8710714452,990000000.0,200000000.0,44970.0,0.49,0.47
99224.66837634647,990000000.0,200000000.0,39191.0,0.39,0.39
256395.7897232017,990000000.0,200000000.0,61209.0,0.6,0.59
62878.534239907065,990000000.0,200000000.0,18882.0,0.19,0.19
32500.842409376037,990000000.0,200000000.0,7460.0,0.09,0.09
117108.31285888038,990000000.0,200000000.0,38038.0,0.4,0.4
106352.02487466703,990000000.0,200000000.0,32640.0,0.33,0.33
111566.87742537502,990000000.0,200000000.0,34150.0,0.38,0.38
140848.9833717045,990000000.0,200000000.0,34872.0,0.37,0.37
113492.72920634162,990000000.0,200000000.0,33222.0,0.35,0.34
88151.30323301237,990000000.0,200000000.0,31063.0,0.32,0.31
197039.79132178982,990000000.0,200000000.0,38773.0,0.5,0.49
67957.69719112602,990000000.0,200000000.0,19917.0,0.22,0.2
147038.6114727242,990000000.0,200000000.0,42110.0,0.48,0.46
100156.02880739141,990000000.0,200000000.0,37452.0,0.4,0.4
111646.80173782015,990000000.0,200000000.0,33686.0,0.38,0.37
98866.26194465424,990000000.0,200000000.0,32744.0,0.3,0.3
204810.5786431056,990000000.0,200000000.0,41949.0,0.41,0.4
92466.90424217134,990000000.0,200000000.0,28210.0,0.28,0.26
112925.82598984549,990000000.0,200000000.0,41098.0,0.4,0.4
63818.51244701312,990000000.0,200000000.0,8646.0,0.12,0.12
210741.89794143755,990000000.0,200000000.0,38605.0,0.49,0.48
24550.804324174085,990000000.0,200000000.0,8837.0,0.08,0.08
164745.34953951495,990000000.0,200000000.0,55117.0,0.52,0.52
237640.9939280992,990000000.0,200000000.0,63536.0,0.62,0.61
191226.78479003278,990000000.0,200000000.0,47356.0,0.5,0.48
63947.25686612309,990000000.0,200000000.0,15395.0,0.15,0.15
86105.8645875021,990000000.0,200000000.0,34857.0,0.35,0.33
157732.5408825973,990000000.0,200000000.0,38470.0,0.39,0.39
151374.4640427974,990000000.0,200000000.0,28793.0,0.32,0.3
147827.63032675686,990000000.0,200000000.0,42645.0,0.38,0.38
101140.67090620806,990000000.0,200000000.0,34113.0,0.29,0.29
71733.5220081362,990000000.0,200000000.0,19449.0,0.17,0.17
116004.54614612876,990000000.0,200000000.0,33510.0,0.3,0.29
40468.20999181256,990000000.0,200000000.0,9622.0,0.11,0.11
56348.701514185625,990000000.0,200000000.0,25666.0,0.22,0.22
69802.14169553254,990000000.0,200000000.0,21338.0,0.21,0.21
95226.53357203708,990000000.0,200000000.0,36506.0,0.37,0.36
113815.51263021825,990000000.0,200000000.0,30134.0,0.31,0.3
224997.4795187884,990000000.0,200000000.0,54407.0,0.53,0.53
49648.11636813584,990000000.0,200000000.0,14367.0,0.14,0.13
89460.31426262074,990000000.0,200000000.0,30687.0,0.35,0.34
75845.7848887949,990000000.0,200000000.0,29761.0,0.29,0.28
72101.03842408137,990000000.0,200000000.0,19828.0,0.24,0.24
87614.61585695836,990000000.0,200000000.0,31548.0,0.29,0.28
113529.2724365398,990000000.0,200000000.0,38689.0,0.46,0.44
197277.80946176103,990000000.0,200000000.0,55370.0,0.52,0.52
142967.3978559281,990000000.0,200000000.0,50930.0,0.45,0.44
345076.7782372133,990000000.0,200000000.0,72278.0,0.75,0.73
90319.52254847635,990000000.0,200000000.0,43509.0,0.43,0.43
91242.80827838546,990000000.0,200000000.0,37084.0,0.32,0.32
67244.79704266037,990000000.0,200000000.0,26831.0,0.23,0.22
104988.95446110332,990000000.0,200000000.0,32728.0,0.37,0.35
60988.74494331067,990000000.0,200000000.0,17763.0,0.17,0.16
144877.83022091258,990000000.0,200000000.0,41255.0,0.43,0.42
117479.99723264793,990000000.0,200000000.0,36538.0,0.33,0.3
190119.28574573412,990000000.0,200000000.0,48527.0,0.45,0.43
149084.53857665838,990000000.0,200000000.0,41202.0,0.43,0.42
153491.44593844732,990000000.0,200000000.0,50554.0,0.48,0.48
136476.92823218714,990000000.0,200000000.0,31261.0,0.35,0.34
100416.3789359276,990000000.0,200000000.0,30678.0,0.35,0.35
134776.74751242736,990000000.0,200000000.0,50624.0,0.45,0.42
67948.8762962507,990000000.0,200000000.0,38671.0,0.34,0.33
133354.0328714754,990000000.0,200000000.0,42284.0,0.42,0.42
49988.75805386979,990000000.0,200000000.0,18304.0,0.2,0.2
132883.55307554844,990000000.0,200000000.0,36488.0,0.38,0.38
74960.20132920051,990000000.0,200000000.0,19281.0,0.21,0.21
103898.91165690047,990000000.0,200000000.0,38048.0,0.39,0.38
118856.72590366162,990000000.0,200000000.0,36055.0,0.38,0.36
49289.94787514308,990000000.0,200000000.0,15618.0,0.14,0.14
195858.92689038414,990000000.0,200000000.0,45531.0,0.43,0.41
84704.33457120396,990000000.0,200000000.0,27189.0,0.3,0.3
130759.48152731697,990000000.0,200000000.0,46449.0,0.41,0.41
69251.36148142994,990000000.0,200000000.0,31270.0,0.35,0.35
108239.97560350884,990000000.0,200000000.0,40969.0,0.42,0.41
254485.46349145987,990000000.0,200000000.0,49632.0,0.57,0.56
199547.58387755943,990000000.0,200000000.0,58817.0,0.57,0.57
80170.59822419671,990000000.0,200000000.0,27712.0,0.28,0.27
63468.508528353654,990000000.0,200000000.0,24982.0,0.24,0.24
89826.29785116533,990000000.0,200000000.0,22905.0,0.32,0.32
169122.58357077962,990000000.0,200000000.0,38697.0,0.39,0.38
65090.63836484028,990000000.0,200000000.0,15143.0,0.18,0.18
95565.84222590542,990000000.0,200000000.0,36867.0,0.41,0.4
77892.5995807431,990000000.0,200000000.0,25251.0,0.29,0.29
75355.81138749426,990000000.0,200000000.0,33269.0,0.26,0.26
63238.424634273666,990000000.0,200000000.0,12949.0,0.14,0.14
208581.36592754853,990000000.0,200000000.0,53433.0,0.53,0.53
69252.9330855298,990000000.0,200000000.0,25611.0,0.2,0.19
142256.38398489018,990000000.0,200000000.0,38605.0,0.38,0.38
100498.03123000085,990000000.0,200000000.0,29858.0,0.33,0.33
100840.6391290931,990000000.0,200000000.0,29311.0,0.29,0.29
65548.90790792147,990000000.0,200000000.0,16828.0,0.18,0.18
124686.53600947077,990000000.0,200000000.0,38632.0,0.36,0.35
84089.26755901918,990000000.0,200000000.0,27203.0,0.29,0.29
54977.85461902786,990000000.0,200000000.0,17498.0,0.22,0.21
172426.72449074718,990000000.0,200000000.0,28179.0,0.38,0.37
73219.53804397318,990000000.0,200000000.0,19390.0,0.24,0.24
110056.11038553534,990000000.0,200000000.0,40083.0,0.42,0.41
60463.748429975334,990000000.0,200000000.0,9575.0,0.1,0.09
244110.07908521776,990000000.0,200000000.0,62416.0,0.55,0.51
103298.24566719102,990000000.0,200000000.0,39914.0,0.37,0.37
192729.61049952815,990000000.0,200000000.0,41955.0,0.51,0.5
162606.71869779416,990000000.0,200000000.0,42730.0,0.43,0.43
111665.96068379971,990000000.0,200000000.0,27788.0,0.36,0.34
126215.75596928933,990000000.0,200000000.0,39488.0,0.41,0.41
149794.59659665887,990000000.0,200000000.0,35438.0,0.45,0.45
95576.24273872338,990000000.0,200000000.0,29046.0,0.29,0.29
203379.2047325684,990000000.0,200000000.0,58701.0,0.59,0.59
92247.90996795155,990000000.0,200000000.0,33166.0,0.31,0.31
124757.28683454236,990000000.0,200000000.0,37129.0,0.4,0.39
95903.59802115055,990000000.0,200000000.0,40642.0,0.42,0.41
130578.22480423372,990000000.0,200000000.0,39934.0,0.45,0.44
103651.56300301084,990000000.0,200000000.0,31313.0,0.37,0.36
176137.025271801,990000000.0,200000000.0,45052.0,0.46,0.44
82026.00322370879,990000000.0,200000000.0,30789.0,0.28,0.25
133166.0201298511,990000000.0,200000000.0,39463.0,0.36,0.34
81554.88925988147,990000000.0,200000000.0,24615.0,0.22,0.21
97673.64443443702,990000000.0,200000000.0,47045.0,0.39,0.39
160455.9017463916,990000000.0,200000000.0,45427.0,0.43,0.43
52393.179701321824,990000000.0,200000000.0,18426.0,0.24,0.24
53177.29399658801,990000000.0,200000000.0,18169.0,0.21,0.18
53988.040542399445,990000000.0,200000000.0,12665.0,0.14,0.14
130350.6872709221,990000000.0,200000000.0,36047.0,0.36,0.36
100094.53250824873,990000000.0,200000000.0,30162.0,0.4,0.39
56210.03293251855,990000000.0,200000000.0,25971.0,0.24,0.23
86269.25935312282,990000000.0,200000000.0,31840.0,0.3,0.3
96228.47861020966,990000000.0,200000000.0,36639.0,0.31,0.29
94815.41767116396,990000000.0,200000000.0,37755.0,0.32,0.31
58895.218492605956,990000000.0,200000000.0,20396.0,0.21,0.17
139322.65274200548,990000000.0,200000000.0,47254.0,0.44,0.4
148054.27831016938,990000000.0,200000000.0,37726.0,0.42,0.42
76647.3370782233,990000000.0,200000000.0,23737.0,0.23,0.23
212792.16579655165,990000000.0,200000000.0,55414.0,0.57,0.55
150790.77285763965,990000000.0,200000000.0,54728.0,0.45,0.43
69641.5672368733,990000000.0,200000000.0,28622.0,0.28,0.27
282626.4045867312,990000000.0,200000000.0,63128.0,0.66,0.65
83473.26023177867,990000000.0,200000000.0,29994.0,0.28,0.28
102818.6991983347,990000000.0,200000000.0,26655.0,0.29,0.29
44567.25596796048,990000000.0,200000000.0,10750.0,0.1,0.1
165163.81350426236,990000000.0,200000000.0,41554.0,0.4,0.38
88448.7123969736,990000000.0,200000000.0,36064.0,0.35,0.33
79213.47276082616,990000000.0,200000000.0,26996.0,0.3,0.28
93790.05746271375,990000000.0,200000000.0,23201.0,0.28,0.26
82491.18060147489,990000000.0,200000000.0,23653.0,0.25,0.25
106564.71641670068,990000000.0,200000000.0,32599.0,0.33,0.32
59100.31002525874,990000000.0,200000000.0,20260.0,0.24,0.24
114176.17976544407,990000000.0,200000000.0,37310.0,0.42,0.41
144582.14486279248,990000000.0,200000000.0,48279.0,0.5,0.48
62896.02285002232,990000000.0,200000000.0,20654.0,0.22,0.21
229906.36730976816,990000000.0,200000000.0,56402.0,0.6,0.57
92659.80958265453,990000000.0,200000000.0,24404.0,0.25,0.23
144569.43909346208,990000000.0,200000000.0,39294.0,0.4,0.37
56604.22747994769,990000000.0,200000000.0,22360.0,0.21,0.21
234770.36102524682,990000000.0,200000000.0,50647.0,0.55,0.55
75239.29390022755,990000000.0,200000000.0,22159.0,0.3,0.3
88631.58935881038,990000000.0,200000000.0,32919.0,0.27,0.27
184858.49370804278,990000000.0,200000000.0,48777.0,0.42,0.42
171160.77426758106,990000000.0,200000000.0,42164.0,0.44,0.44
209262.78920619885,990000000.0,200000000.0,50029.0,0.56,0.55
194708.12362254373,990000000.0,200000000.0,46118.0,0.47,0.46
154307.1196581354,990000000.0,200000000.0,38322.0,0.36,0.35
121474.98516483397,990000000.0,200000000.0,32452.0,0.41,0.39
290992.97156111605,990000000.0,200000000.0,60331.0,0.63,0.61
58066.71081095688,990000000.0,200000000.0,21451.0,0.24,0.23
94596.58583057167,990000000.0,200000000.0,30139.0,0.31,0.29
133926.6169401123,990000000.0,200000000.0,44277.0,0.45,0.42
54291.426708101964,990000000.0,200000000.0,20517.0,0.21,0.19
98305.23040823209,990000000.0,200000000.0,27537.0,0.36,0.33
180084.34997397114,990000000.0,200000000.0,38955.0,0.46,0.46
82977.66102552816,990000000.0,200000000.0,26437.0,0.29,0.28
112827.43073940808,990000000.0,200000000.0,42316.0,0.4,0.38
64092.97272410006,990000000.0,200000000.0,25210.0,0.28,0.28
49419.888374965536,990000000.0,200000000.0,14943.0,0.2,0.18
134266.1852311803,990000000.0,200000000.0,34047.0,0.37,0.37
115348.05962861168,990000000.0,200000000.0,29010.0,0.34,0.33
132822.27464264823,990000000.0,200000000.0,36259.0,0.38,0.34
94891.13802771039,990000000.0,200000000.0,32470.0,0.33,0.33
66167.18116711837,990000000.0,200000000.0,27962.0,0.24,0.23
147380.55657495026,990000000.0,200000000.0,50027.0,0.52,0.5
57438.0556751393,990000000.0,200000000.0,23159.0,0.28,0.27
98619.48170443162,990000000.0,200000000.0,25627.0,0.25,0.24
169211.22603334216,990000000.0,200000000.0,48149.0,0.51,0.51
102657.10889812668,990000000.0,200000000.0,33854.0,0.38,0.35
157148.67512269816,990000000.0,200000000.0,41370.0,0.46,0.45
49004.64172219546,990000000.0,200000000.0,13668.0,0.14,0.14
75395.43462301465,990000000.0,200000000.0,22592.0,0.21,0.21
71575.41998828908,990000000.0,200000000.0,23889.0,0.27,0.25
61002.854175350316,990000000.0,200000000.0,16311.0,0.19,0.19
77139.45412283132,990000000.0,200000000.0,17468.0,0.21,0.21
156298.1024897175,990000000.0,200000000.0,51636.0,0.46,0.46
121094.74306755039,990000000.0,200000000.0,27788.0,0.32,0.31
138206.8154340491,990000000.0,200000000.0,42430.0,0.38,0.38
215678.726847616,990000000.0,200000000.0,51184.0,0.58,0.54
96971.02505116082,990000000.0,200000000.0,20389.0,0.27,0.27
56786.57517477035,990000000.0,200000000.0,20960.0,0.17,0.17
91344.11923954604,990000000.0,200000000.0,28424.0,0.27,0.26
82988.58847500943,990000000.0,200000000.0,34691.0,0.35,0.34
47515.721871167145,990000000.0,200000000.0,15817.0,0.19,0.18
190059.6648940395,990000000.0,200000000.0,58542.0,0.52,0.51
200572.39642140883,990000000.0,200000000.0,49418.0,0.43,0.43
78929.17321019898,990000000.0,200000000.0,25962.0,0.3,0.3
73694.81783358459,990000000.0,200000000.0,33940.0,0.39,0.37
142376.5266569905,990000000.0,200000000.0,46241.0,0.44,0.44
77652.07591161685,990000000.0,200000000.0,26779.0,0.28,0.28
105878.1427195366,990000000.0,200000000.0,43814.0,0.43,0.41
53516.66459341983,990000000.0,200000000.0,20623.0,0.22,0.22
78798.57260340906,990000000.0,200000000.0,33702.0,0.26,0.26
78224.81413717695,990000000.0,200000000.0,26114.0,0.28,0.28
49331.79029854093,990000000.0,200000000.0,17207.0,0.19,0.17
100606.12646357012,990000000.0,200000000.0,27187.0,0.33,0.32
64827.953568476034,990000000.0,200000000.0,26297.0,0.24,0.24
119799.7423110412,990000000.0,200000000.0,26448.0,0.3,0.29
199556.60887181817,990000000.0,200000000.0,48687.0,0.51,0.48
148586.7668565995,990000000.0,200000000.0,41011.0,0.41,0.4
150955.49037233708,990000000.0,200000000.0,41070.0,0.43,0.41
86688.20149456215,990000000.0,200000000.0,34826.0,0.35,0.35
136868.3757243377,990000000.0,200000000.0,34416.0,0.41,0.39
150838.48509487452,990000000.0,200000000.0,35660.0,0.43,0.43
65291.94063442572,990000000.0,200000000.0,21269.0,0.26,0.26
194823.05052996936,990000000.0,200000000.0,41547.0,0.46,0.45
127661.9791582271,990000000.0,200000000.0,32422.0,0.41,0.41
121193.2441917658,990000000.0,200000000.0,32712.0,0.37,0.37
103990.58328047254,990000000.0,200000000.0,29412.0,0.32,0.31
110836.72546311212,990000000.0,200000000.0,36343.0,0.36,0.36
67731.8878599961,990000000.0,200000000.0,22551.0,0.25,0.25
213214.3505377101,990000000.0,200000000.0,42057.0,0.46,0.45
70536.24364046838,990000000.0,200000000.0,30384.0,0.31,0.3
193240.74717628854,990000000.0,200000000.0,50098.0,0.55,0.53
115594.2218135365,990000000.0,200000000.0,30539.0,0.32,0.31
119946.07667146531,990000000.0,200000000.0,28817.0,0.37,0.37
168386.98528437509,990000000.0,200000000.0,46568.0,0.54,0.51
114657.4350189648,990000000.0,200000000.0,35094.0,0.37,0.36
100148.42877444325,990000000.0,200000000.0,50723.0,0.47,0.45
56496.624520563935,990000000.0,200000000.0,25152.0,0.27,0.27
102803.65000596379,990000000.0,200000000.0,24891.0,0.27,0.26
223445.90413507924,990000000.0,200000000.0,40269.0,0.41,0.39
205335.43048660466,990000000.0,200000000.0,46941.0,0.46,0.45
128250.0252834011,990000000.0,200000000.0,32634.0,0.32,0.3
161761.68454239337,990000000.0,200000000.0,47758.0,0.49,0.48
122263.24541907661,990000000.0,200000000.0,35010.0,0.4,0.39
69723.95945278398,990000000.0,200000000.0,17787.0,0.17,0.17
101920.87627114049,990000000.0,200000000.0,37035.0,0.32,0.31
194401.97832094194,990000000.0,200000000.0,53987.0,0.52,0.51
81029.68513167233,990000000.0,200000000.0,22377.0,0.26,0.25
86969.17759200455,990000000.0,200000000.0,23721.0,0.26,0.26
144418.033708353,990000000.0,200000000.0,34607.0,0.38,0.38
232578.94005504847,990000000.0,200000000.0,54096.0,0.63,0.63
100656.73696422714,990000000.0,200000000.0,28349.0,0.32,0.32
126358.57230938287,990000000.0,200000000.0,29931.0,0.35,0.34
93745.11996757003,990000000.0,200000000.0,34780.0,0.33,0.32
85370.45347800723,990000000.0,200000000.0,26408.0,0.23,0.22
82424.16406063511,990000000.0,200000000.0,19575.0,0.21,0.21
220251.697931056,990000000.0,200000000.0,48104.0,0.49,0.47
141257.61236827704,990000000.0,200000000.0,35375.0,0.38,0.37
244943.2873742719,990000000.0,200000000.0,50924.0,0.48,0.46
128372.85092028326,990000000.0,200000000.0,36125.0,0.36,0.36
343436.5615815135,990000000.0,200000000.0,76714.0,0.82,0.79
51148.126604294324,990000000.0,200000000.0,13417.0,0.14,0.13
73406.95418854606,990000000.0,200000000.0,23115.0,0.29,0.29
153191.98591248872,990000000.0,200000000.0,41282.0,0.53,0.52
229260.77514446035,990000000.0,200000000.0,47711.0,0.52,0.52
56049.940260777636,990000000.0,200000000.0,22657.0,0.27,0.26
80325.53430706094,990000000.0,200000000.0,19498.0,0.23,0.22
112689.2553965213,990000000.0,200000000.0,36681.0,0.33,0.32
132194.85318058226,990000000.0,200000000.0,38506.0,0.43,0.42
171072.36071591012,990000000.0,200000000.0,37707.0,0.38,0.37
107265.5560423964,990000000.0,200000000.0,33513.0,0.37,0.35
99282.87674913612,990000000.0,200000000.0,38391.0,0.34,0.33
71048.73011818365,990000000.0,200000000.0,14353.0,0.18,0.18
115639.27952067321,990000000.0,200000000.0,37985.0,0.4,0.39
128303.07059800325,990000000.0,200000000.0,33257.0,0.37,0.37
107126.25448121029,990000000.0,200000000.0,43278.0,0.4,0.4
100807.47296720213,990000000.0,200000000.0,36528.0,0.39,0.37
103429.72704772753,990000000.0,200000000.0,31513.0,0.35,0.35
280838.28433648567,990000000.0,200000000.0,69167.0,0.63,0.59
195595.05354970542,990000000.0,200000000.0,60729.0,0.56,0.56
62211.52572179945,990000000.0,200000000.0,19956.0,0.23,0.23
39988.32813421132,990000000.0,200000000.0,13274.0,0.14,0.14
130703.30633009688,990000000.0,200000000.0,33211.0,0.35,0.35
146364.67005206208,990000000.0,200000000.0,38496.0,0.39,0.39
177419.6666152381,990000000.0,200000000.0,35189.0,0.39,0.38
54487.45195810061,990000000.0,200000000.0,15085.0,0.24,0.24
129130.86199820698,990000000.0,200000000.0,31139.0,0.31,0.3
63350.40136584989,990000000.0,200000000.0,21002.0,0.21,0.21
82097.72937574168,990000000.0,200000000.0,27188.0,0.29,0.28
104828.78291063361,990000000.0,200000000.0,35380.0,0.34,0.32
49986.794381024876,990000000.0,200000000.0,16334.0,0.23,0.23
99177.07375561928,990000000.0,200000000.0,37018.0,0.37,0.37
56130.906608024205,990000000.0,200000000.0,11613.0,0.13,0.13
90318.98176584169,990000000.0,200000000.0,25819.0,0.31,0.3
79256.18264085795,990000000.0,200000000.0,24369.0,0.22,0.21
111914.62983325275,990000000.0,200000000.0,31903.0,0.3,0.29
53404.44387450698,990000000.0,200000000.0,8165.0,0.13,0.12
91897.67422439877,990000000.0,200000000.0,29101.0,0.3,0.28
96428.14163449814,990000000.0,200000000.0,35931.0,0.31,0.31
124205.61555579562,990000000.0,200000000.0,25486.0,0.34,0.34
47201.90542125779,990000000.0,200000000.0,13907.0,0.14,0.13
159908.57235463796,990000000.0,200000000.0,49665.0,0.46,0.46
212503.462841647,990000000.0,200000000.0,46185.0,0.44,0.44
36186.01009128806,990000000.0,200000000.0,9156.0,0.11,0.11
157925.8861895233,990000000.0,200000000.0,52585.0,0.51,0.5
142222.0587581441,990000000.0,200000000.0,34661.0,0.33,0.33
136942.92073691598,990000000.0,200000000.0,48434.0,0.44,0.42
71984.3664836781,990000000.0,200000000.0,27774.0,0.3,0.3
60174.577674965214,990000000.0,200000000.0,19487.0,0.2,0.2
78006.75369602394,990000000.0,200000000.0,25458.0,0.22,0.19
65244.54121932883,990000000.0,200000000.0,22804.0,0.25,0.25
63938.27241498792,990000000.0,200000000.0,21800.0,0.24,0.24
190026.61249365413,990000000.0,200000000.0,43858.0,0.52,0.52
65113.54236130811,990000000.0,200000000.0,29566.0,0.29,0.28
157393.17635248596,990000000.0,200000000.0,41247.0,0.41,0.41
98757.94510859314,990000000.0,200000000.0,34021.0,0.32,0.31
107753.23152782168,990000000.0,200000000.0,33140.0,0.36,0.35
116896.32769764026,990000000.0,200000000.0,38751.0,0.35,0.35
107447.33899278015,990000000.0,200000000.0,42619.0,0.44,0.43
125695.28348429437,990000000.0,200000000.0,33711.0,0.36,0.36
111489.71457283219,990000000.0,200000000.0,35224.0,0.36,0.36
156518.5855955137,990000000.0,200000000.0,31752.0,0.37,0.37
229603.64004423714,990000000.0,200000000.0,49553.0,0.5,0.49
124347.72984994702,990000000.0,200000000.0,37672.0,0.4,0.38
303238.36832712224,990000000.0,200000000.0,70203.0,0.66,0.66
139828.4586722978,990000000.0,200000000.0,40573.0,0.44,0.44
59979.569054875356,990000000.0,200000000.0,29464.0,0.31,0.31
27105.394242245933,990000000.0,200000000.0,16140.0,0.11,0.1
172495.26029310763,990000000.0,200000000.0,41408.0,0.41,0.4
136958.54056634055,990000000.0,200000000.0,50236.0,0.47,0.46
128474.70718764234,990000000.0,200000000.0,39537.0,0.39,0.37
73582.15954260482,990000000.0,200000000.0,20292.0,0.22,0.21
219128.33073906982,990000000.0,200000000.0,48624.0,0.48,0.47
95210.81602054223,990000000.0,200000000.0,42279.0,0.41,0.39
101367.80901032324,990000000.0,200000000.0,18615.0,0.25,0.24
58349.05981459341,990000000.0,200000000.0,19889.0,0.21,0.21
114118.23170215341,990000000.0,200000000.0,30996.0,0.32,0.32
103916.35760499394,990000000.0,200000000.0,37740.0,0.38,0.38
90300.96095887333,990000000.0,200000000.0,31848.0,0.33,0.32
66691.09738960184,990000000.0,200000000.0,23681.0,0.27,0.26
114047.96763357418,990000000.0,200000000.0,30225.0,0.36,0.33
96361.5928453839,990000000.0,200000000.0,38850.0,0.26,0.26
58911.924766495074,990000000.0,200000000.0,15460.0,0.14,0.13
128415.82845247732,990000000.0,200000000.0,39413.0,0.42,0.42
19840.04159792177,990000000.0,200000000.0,10282.0,0.09,0.09
269117.8180264241,990000000.0,200000000.0,55576.0,0.52,0.51
146982.62546575017,990000000.0,200000000.0,48708.0,0.47,0.46
177092.0347222866,990000000.0,200000000.0,42758.0,0.5,0.48
113748.76802195262,990000000.0,200000000.0,36834.0,0.38,0.38
121183.48972811508,990000000.0,200000000.0,37211.0,0.37,0.37
96532.92070091088,990000000.0,200000000.0,31414.0,0.31,0.31
182581.9708407404,990000000.0,200000000.0,49367.0,0.46,0.46
66231.00620709966,990000000.0,200000000.0,19755.0,0.22,0.21
80391.9987573863,990000000.0,200000000.0,31925.0,0.36,0.34
143870.09378725648,990000000.0,200000000.0,34442.0,0.33,0.31
292428.05336970906,990000000.0,200000000.0,55978.0,0.65,0.62
79173.69753475222,990000000.0,200000000.0,21906.0,0.28,0.27
108570.8120749517,990000000.0,200000000.0,22954.0,0.3,0.29
193052.97068332613,990000000.0,200000000.0,55945.0,0.56,0.55
85780.14058677257,990000000.0,200000000.0,32656.0,0.36,0.35
96686.17560083514,990000000.0,200000000.0,38574.0,0.36,0.36
68579.95401166088,990000000.0,200000000.0,25340.0,0.27,0.27
189580.44117733164,990000000.0,200000000.0,42903.0,0.5,0.49
53473.996216427746,990000000.0,200000000.0,21961.0,0.26,0.26
122643.46126306793,990000000.0,200000000.0,38782.0,0.44,0.43
172081.8805401528,990000000.0,200000000.0,41276.0,0.44,0.41
47617.76349144385,990000000.0,200000000.0,9759.0,0.12,0.12
70534.31886551043,990000000.0,200000000.0,23269.0,0.23,0.22
60056.43489863327,990000000.0,200000000.0,22661.0,0.24,0.23
120930.2740350436,990000000.0,200000000.0,37083.0,0.39,0.38
279647.7565920796,990000000.0,200000000.0,52277.0,0.63,0.63
117035.99065208322,990000000.0,200000000.0,28965.0,0.36,0.35
180930.0523130182,990000000.0,200000000.0,43299.0,0.43,0.43
167896.53641196026,990000000.0,200000000.0,45602.0,0.47,0.45
190246.2388766513,990000000.0,200000000.0,55332.0,0.55,0.54
51288.69555437018,990000000.0,200000000.0,16177.0,0.16,0.16
120122.3650477669,990000000.0,200000000.0,28247.0,0.33,0.32
152179.07443581097,990000000.0,200000000.0,58710.0,0.54,0.54
95459.39176659957,990000000.0,200000000.0,40081.0,0.38,0.38
100607.64238468808,990000000.0,200000000.0,33297.0,0.31,0.3
178437.51653734743,990000000.0,200000000.0,52828.0,0.49,0.49
259029.0830668495,990000000.0,200000000.0,61676.0,0.67,0.64
59674.956061242076,990000000.0,200000000.0,16965.0,0.18,0.18
137477.1512583022,990000000.0,200000000.0,37174.0,0.39,0.38
135996.92833194122,990000000.0,200000000.0,47920.0,0.44,0.41
287508.34746253316,990000000.0,200000000.0,55886.0,0.61,0.61
69076.52842212145,990000000.0,200000000.0,26772.0,0.27,0.27
101128.02951009321,990000000.0,200000000.0,25212.0,0.3,0.29
246467.93165316,990000000.0,200000000.0,53085.0,0.53,0.52
173702.29432774035,990000000.0,200000000.0,49935.0,0.51,0.5
92749.13239505903,990000000.0,200000000.0,31136.0,0.33,0.31
152196.33751619858,990000000.0,200000000.0,39084.0,0.43,0.42
38810.30176958835,990000000.0,200000000.0,11844.0,0.15,0.15
39980.87825708829,990000000.0,200000000.0,8843.0,0.09,0.09
156197.62316969672,990000000.0,200000000.0,38016.0,0.4,0.39
53536.25426714192,990000000.0,200000000.0,16211.0,0.16,0.15
165111.06636936957,990000000.0,200000000.0,51257.0,0.46,0.46
121278.93296574621,990000000.0,200000000.0,35209.0,0.37,0.37
80562.61402078884,990000000.0,200000000.0,31437.0,0.31,0.3
75578.95115161229,990000000.0,200000000.0,20746.0,0.29,0.28
93372.6766504029,990000000.0,200000000.0,36794.0,0.4,0.4
90099.25952379999,990000000.0,200000000.0,27242.0,0.32,0.31
171399.1715301765,990000000.0,200000000.0,49937.0,0.51,0.51
76820.90534236436,990000000.0,200000000.0,22289.0,0.29,0.27
192668.04080932675,990000000.0,200000000.0,51824.0,0.56,0.53
160810.4635842871,990000000.0,200000000.0,54115.0,0.5,0.5
67214.53464394523,990000000.0,200000000.0,19435.0,0.25,0.25
135087.73543555348,990000000.0,200000000.0,35476.0,0.39,0.38
119398.59142958226,990000000.0,200000000.0,41181.0,0.41,0.39
160041.12199126437,990000000.0,200000000.0,36848.0,0.47,0.46
31778.160745889327,990000000.0,200000000.0,7114.0,0.07,0.07
89360.98481987223,990000000.0,200000000.0,29680.0,0.3,0.3
99511.30758905919,990000000.0,200000000.0,24525.0,0.29,0.28
147127.57378883907,990000000.0,200000000.0,39188.0,0.46,0.46
71640.50199363161,990000000.0,200000000.0,31164.0,0.3,0.3
48619.334280062,990000000.0,200000000.0,16760.0,0.17,0.17
84439.59363862299,990000000.0,200000000.0,29178.0,0.33,0.33
69810.8271582592,990000000.0,200000000.0,14963.0,0.19,0.19
136109.1069083537,990000000.0,200000000.0,35905.0,0.38,0.38
